,time,x,y
0,2018-01-01 00:00:00,3.3475351709105525,5.096606901308234
1,2018-01-01 01:00:00,-0.7512434769061497,0.48210660474590716
2,2018-01-01 02:00:00,-1.8207815377198941,0.8458602184554258
3,2018-01-01 03:00:00,-1.9171544058925551,-0.32996990554790384
4,2018-01-01 04:00:00,0.38442658071398983,1.3637718051121173
5,2018-01-01 05:00:00,2.360029439680902,3.044581339245199
6,2018-01-01 06:00:00,-1.862994682547013,0.34790229187140137
7,2018-01-01 07:00:00,1.1956189566433317,1.9375156897793129
8,2018-01-01 08:00:00,-1.8754289990930755,0.12340197769219247
9,2018-01-01 09:00:00,0.985140826193305,1.5129570937305643
10,2018-01-01 10:00:00,-2.716650110431542,0.8491333970668745
11,2018-01-01 11:00:00,0.7580703289015216,1.5729993085047163
12,2018-01-01 12:00:00,0.3608759449812092,0.9865985488999158
13,2018-01-01 13:00:00,-1.4245804415584769,0.5683250930688842
14,2018-01-01 14:00:00,-2.3931300355472582,-0.21064602711633307
15,2018-01-01 15:00:00,0.043638453334771565,1.1587888382240978
16,2018-01-01 16:00:00,-1.2553207398444883,0.2872507957926227
17,2018-01-01 17:00:00,-0.3380248939887796,1.5388582764714853
18,2018-01-01 18:00:00,-0.5643996831931563,0.6803581541992246
19,2018-01-01 19:00:00,0.8515593635731509,1.4396037162986763
20,2018-01-01 20:00:00,1.0238328775198688,1.0537784532525216
21,2018-01-01 21:00:00,0.670814526578122,1.1238425685560989
22,2018-01-01 22:00:00,-1.566324783856575,0.7467350729703538
23,2018-01-01 23:00:00,-0.766350646416171,0.8334248874939387
24,2018-01-02 00:00:00,1.2397890067360562,2.0596372114393104
25,2018-01-02 01:00:00,-0.6919054665564881,0.49907160084709346
26,2018-01-02 02:00:00,1.7565663635118935,2.3884242442489207
27,2018-01-02 03:00:00,-0.8089193238680603,0.6386122377113626
28,2018-01-02 04:00:00,-0.11480351700221648,0.9945984896426198
29,2018-01-02 05:00:00,0.14052341844325605,0.5896630327207446
30,2018-01-02 06:00:00,-0.20350327666237225,0.9736728553110626
31,2018-01-02 07:00:00,-0.7674327912159834,0.5447401352303243
32,2018-01-02 08:00:00,2.9532815230749407,3.8893425871642573
33,2018-01-02 09:00:00,4.035864797159203,6.8871293547402335
34,2018-01-02 10:00:00,1.374925257728736,2.0948411782707144
35,2018-01-02 11:00:00,1.652525707309285,2.5243148679439082
36,2018-01-02 12:00:00,-5.521186612495458,0.5451836659652138
37,2018-01-02 13:00:00,-2.7738275780218253,0.09197499906582055
38,2018-01-02 14:00:00,-3.832438848418862,-0.16063715731838143
39,2018-01-02 15:00:00,0.11357439047401842,0.9137662985686786
40,2018-01-02 16:00:00,2.472060673515221,3.489493990526149
41,2018-01-02 17:00:00,-0.7798835790695852,0.4240530732112873
42,2018-01-02 18:00:00,1.1470575668094452,1.699739041289932
43,2018-01-02 19:00:00,2.117644376824414,3.2255919053365614
44,2018-01-02 20:00:00,1.4765071519063904,1.9415265305511904
45,2018-01-02 21:00:00,1.5911573800796253,2.0895268643843155
46,2018-01-02 22:00:00,-4.663294481758831,0.2036653732247608
47,2018-01-02 23:00:00,-3.6112372208893095,0.017923590772874143
48,2018-01-03 00:00:00,-2.0410333284405366,0.4103426423184095
49,2018-01-03 01:00:00,2.755319244056917,4.145166011939575
50,2018-01-03 02:00:00,-1.8768308150598072,0.28962866148095323
51,2018-01-03 03:00:00,1.882922952665078,2.5526885280055938
52,2018-01-03 04:00:00,-0.6087585809090322,0.778201222920563
53,2018-01-03 05:00:00,-7.071726651844934,-0.3352059625437903
54,2018-01-03 06:00:00,-4.018510278661922,-0.08149716679118882
55,2018-01-03 07:00:00,0.2823115409273504,1.3057981364543336
56,2018-01-03 08:00:00,-0.910866008539798,0.5068374412283819
57,2018-01-03 09:00:00,-0.36178188077929485,0.9883748310426701
58,2018-01-03 10:00:00,-3.158852806953238,0.09810906267400261
59,2018-01-03 11:00:00,2.498210587798803,3.4053534483612813
60,2018-01-03 12:00:00,-1.5596163331257562,0.33934884093047546
61,2018-01-03 13:00:00,0.5238726648554092,1.825014755629879
62,2018-01-03 14:00:00,-0.3633081897674839,1.319599848448823
63,2018-01-03 15:00:00,-2.4587302481507716,0.9137007548911746
64,2018-01-03 16:00:00,-3.8276435991118607,-0.6565833912278092
65,2018-01-03 17:00:00,-2.3180480658260714,-0.01597733447549482
66,2018-01-03 18:00:00,-3.1852544025722205,0.09673761575846525
67,2018-01-03 19:00:00,0.6465650437373168,1.003206487367655
68,2018-01-03 20:00:00,1.634506458019369,2.0677268192812086
69,2018-01-03 21:00:00,0.502830097421187,1.0368243646220074
70,2018-01-03 22:00:00,-1.5701042982905373,0.3187230961463621
71,2018-01-03 23:00:00,-1.0708505089193714,1.1837363897821664
72,2018-01-04 00:00:00,1.0629174095477898,1.502051923084839
73,2018-01-04 01:00:00,0.43641493960874755,0.9556995202876157
74,2018-01-04 02:00:00,2.0649036286389397,2.8310076921713754
75,2018-01-04 03:00:00,1.4128874832147624,2.1317092975415752
76,2018-01-04 04:00:00,1.3423861486885194,2.627257638666572
77,2018-01-04 05:00:00,-2.839174942570054,-0.28505301259423055
78,2018-01-04 06:00:00,0.21045436009749227,1.2476045697768663
79,2018-01-04 07:00:00,-1.9473831414594835,0.19139035348249103
80,2018-01-04 08:00:00,1.6161297215319332,2.3477698440402155
81,2018-01-04 09:00:00,0.057016239408044206,1.0487818534019835
82,2018-01-04 10:00:00,-1.8213742413122544,0.7822587168191681
83,2018-01-04 11:00:00,-1.0534099684238756,0.733912748581347
84,2018-01-04 12:00:00,-0.3737322188983561,0.48152828812352844
85,2018-01-04 13:00:00,0.1682206511438848,1.2547580942876322
86,2018-01-04 14:00:00,2.134421505694123,3.3517035143700413
87,2018-01-04 15:00:00,3.0757917023719226,5.05599240323586
88,2018-01-04 16:00:00,-1.2430393210755801,0.3848908483326986
89,2018-01-04 17:00:00,-1.7773647055516,0.2569210003158062
90,2018-01-04 18:00:00,0.5344631895674794,1.2521409741412282
91,2018-01-04 19:00:00,1.5614968827528337,2.1894103299743146
92,2018-01-04 20:00:00,-3.3720751458741405,-0.2109322268261306
93,2018-01-04 21:00:00,-0.967943214937475,0.8655889813405145
94,2018-01-04 22:00:00,1.0086074236264941,1.5337105811338076
95,2018-01-04 23:00:00,-0.371270907607437,0.9962971924474371
96,2018-01-05 00:00:00,0.9381824813698906,1.884365265078407
97,2018-01-05 01:00:00,0.604310578049614,1.4085122170537765
98,2018-01-05 02:00:00,-2.041904777769399,0.2954690979729705
99,2018-01-05 03:00:00,-1.262805765418803,0.35391255656535725
100,2018-01-05 04:00:00,2.6518535835043995,3.626261767368778
101,2018-01-05 05:00:00,0.2658753107355158,1.1764653268104623
102,2018-01-05 06:00:00,1.9207361854971972,2.445977521440107
103,2018-01-05 07:00:00,-2.114329298037133,-0.02208261238115128
104,2018-01-05 08:00:00,-1.043137438117124,1.352933805533901
105,2018-01-05 09:00:00,2.095823683523735,2.7382648157102825
106,2018-01-05 10:00:00,-0.4243259597243346,0.6854474730572525
107,2018-01-05 11:00:00,-1.688462498297849,0.6055926365259536
108,2018-01-05 12:00:00,-0.11900970453632126,0.9260979141180962
109,2018-01-05 13:00:00,0.6795242638389548,1.6751943744500286
110,2018-01-05 14:00:00,5.299583147964703,13.663918695485071
111,2018-01-05 15:00:00,0.7957047165278455,0.8887311959969588
112,2018-01-05 16:00:00,0.9722423042916869,1.3714401520944237
113,2018-01-05 17:00:00,1.6849809133905336,2.4961136821843137
114,2018-01-05 18:00:00,0.9011721128288479,1.7315565853766783
115,2018-01-05 19:00:00,-1.3405713755723727,0.4507020400783196
116,2018-01-05 20:00:00,2.728798403010383,3.517745449841075
117,2018-01-05 21:00:00,0.9649948860636786,1.4932680964145046
118,2018-01-05 22:00:00,-3.5273097265804423,-0.22840207108917523
119,2018-01-05 23:00:00,-0.01786477329701743,1.0575770163118063
120,2018-01-06 00:00:00,-0.4389108316808195,0.9990552633087524
121,2018-01-06 01:00:00,1.7700456116757008,2.433302491916781
122,2018-01-06 02:00:00,0.7280306278381351,1.5159347171215731
123,2018-01-06 03:00:00,-3.6849126002904575,0.04346899163877602
124,2018-01-06 04:00:00,2.693919528115142,3.3329802951795466
125,2018-01-06 05:00:00,-1.1615794257437884,0.5117455393183352
126,2018-01-06 06:00:00,3.9320154138290526,7.239484789896279
127,2018-01-06 07:00:00,-0.43100596625705423,1.745189418502091
128,2018-01-06 08:00:00,0.559881089672107,0.9606189615498915
129,2018-01-06 09:00:00,1.0045808711545905,1.6842487570249876
130,2018-01-06 10:00:00,-2.6372205314898287,0.013896760868191527
131,2018-01-06 11:00:00,2.617787809027771,3.607425446788075
132,2018-01-06 12:00:00,2.165251160775258,2.835847022552276
133,2018-01-06 13:00:00,0.7503628037776664,1.4586583074278563
134,2018-01-06 14:00:00,-0.10261365230337567,1.1690715901569795
135,2018-01-06 15:00:00,-2.2830008562040254,0.06427058006316011
136,2018-01-06 16:00:00,1.4609463894511439,1.924982274446814
137,2018-01-06 17:00:00,2.4778541202922915,3.9743372149589913
138,2018-01-06 18:00:00,2.159387458265251,2.701632152219304
139,2018-01-06 19:00:00,-0.9625906915884826,0.7242563149586205
140,2018-01-06 20:00:00,0.039820385054071254,0.7488022369254985
141,2018-01-06 21:00:00,1.4008592029655724,2.3809462857961656
142,2018-01-06 22:00:00,-3.062197817693206,0.18590655819373494
143,2018-01-06 23:00:00,-2.750079582512706,0.0849190528144485
144,2018-01-07 00:00:00,0.05919691751878691,0.965165672986467
145,2018-01-07 01:00:00,-2.63941281598577,0.8629168360784114
146,2018-01-07 02:00:00,0.3779479084799559,0.8341153623879223
147,2018-01-07 03:00:00,0.3182152182034093,1.2122906865989638
148,2018-01-07 04:00:00,2.045581820052362,3.1048049620210407
149,2018-01-07 05:00:00,3.3508995735357328,5.004934998310459
150,2018-01-07 06:00:00,5.865663696165684,18.927334830690814
151,2018-01-07 07:00:00,1.1349398801977275,1.2700530797965046
152,2018-01-07 08:00:00,-0.19549979387583036,0.40561353755460594
153,2018-01-07 09:00:00,0.6206982834263591,1.4368503503037628
154,2018-01-07 10:00:00,1.0225679614083862,1.5937265151870565
155,2018-01-07 11:00:00,-1.8437989297433917,0.701320756931298
156,2018-01-07 12:00:00,1.3835235766824385,1.7815390163240292
157,2018-01-07 13:00:00,2.1159967352078057,3.199394686954072
158,2018-01-07 14:00:00,-0.21139834753667633,0.8615084948625323
159,2018-01-07 15:00:00,0.27271204365057167,1.129980085767966
160,2018-01-07 16:00:00,-2.1544290878363572,-0.11933529502339518
161,2018-01-07 17:00:00,0.9154456058811805,1.161249231768317
162,2018-01-07 18:00:00,3.4103165717427393,5.9678032754827095
163,2018-01-07 19:00:00,2.1385121856937888,2.515286539667377
164,2018-01-07 20:00:00,-1.5092395682359263,0.20999885166926796
165,2018-01-07 21:00:00,0.7373603400080436,1.7752968191391008
166,2018-01-07 22:00:00,-1.3031696989531447,0.5600786148922021
167,2018-01-07 23:00:00,-0.6342749398143576,0.6806261613184273
168,2018-01-08 00:00:00,-2.8302532641562386,0.2707327434275083
169,2018-01-08 01:00:00,3.9712716939043746,7.250406046565375
170,2018-01-08 02:00:00,0.7440696484919671,1.6119046667625665
171,2018-01-08 03:00:00,2.284110002562629,3.2378065385798607
172,2018-01-08 04:00:00,0.7780729688894092,1.1145080042775333
173,2018-01-08 05:00:00,-0.012383897536247601,1.1053366936956468
174,2018-01-08 06:00:00,0.14163963260572326,1.2241028249955797
175,2018-01-08 07:00:00,0.20438556642375694,0.7623872905911935
176,2018-01-08 08:00:00,-1.1557944873922799,0.7279837289154908
177,2018-01-08 09:00:00,0.03463466139864117,1.4694066377823392
178,2018-01-08 10:00:00,0.274268560031653,1.4735236369603224
179,2018-01-08 11:00:00,0.27315448060479625,1.473803317389396
180,2018-01-08 12:00:00,-1.7746315971022275,0.7887269512494454
181,2018-01-08 13:00:00,-1.722851969091018,0.25319907977288325
182,2018-01-08 14:00:00,-1.3654875180951178,0.3332572827839909
183,2018-01-08 15:00:00,-2.0969926566798502,0.20349098921291364
184,2018-01-08 16:00:00,-1.1611178415527514,0.5614803721785294
185,2018-01-08 17:00:00,1.5952380601122225,2.0357091723247387
186,2018-01-08 18:00:00,-0.10715076557051281,0.8817547872446563
187,2018-01-08 19:00:00,3.5146405236126084,5.025923924107509
188,2018-01-08 20:00:00,0.3010722756645407,1.432698004654271
189,2018-01-08 21:00:00,0.23421349671604624,1.7195490841031078
190,2018-01-08 22:00:00,-0.23193113608668406,0.7881437775200861
191,2018-01-08 23:00:00,1.6517205386858151,2.2225096449545787
192,2018-01-09 00:00:00,-4.106384557847329,0.3938583021113589
193,2018-01-09 01:00:00,-0.700760231715918,0.48332169428675686
194,2018-01-09 02:00:00,0.06309472664644904,1.0485692847032737
195,2018-01-09 03:00:00,-2.3547469913521986,0.046771205667352655
196,2018-01-09 04:00:00,-1.5231646894485116,0.801348925551
197,2018-01-09 05:00:00,2.097357251155491,2.463942883756059
198,2018-01-09 06:00:00,-2.24566426178094,0.6582704880856407
199,2018-01-09 07:00:00,2.945103898284462,3.968093371674927
200,2018-01-09 08:00:00,-3.553240773722477,0.10364317399783299
201,2018-01-09 09:00:00,1.0066068445287741,1.4801638552210792
202,2018-01-09 10:00:00,0.5854982048222046,1.4452692025853278
203,2018-01-09 11:00:00,-2.335874820530339,0.35655380046444296
204,2018-01-09 12:00:00,-2.312613262365271,0.3993528757593063
205,2018-01-09 13:00:00,-1.856464306183457,-0.0687741828737321
206,2018-01-09 14:00:00,1.2615472546639952,1.7215246639991983
207,2018-01-09 15:00:00,-0.6056072750101172,0.9548340485194099
208,2018-01-09 16:00:00,1.519801947915886,1.788388148873369
209,2018-01-09 17:00:00,4.262148955478896,8.558719399297352
210,2018-01-09 18:00:00,-1.2355108357012634,0.3749523806499475
211,2018-01-09 19:00:00,2.603226486535077,3.75936246476902
212,2018-01-09 20:00:00,-1.6578410664473229,0.39072236814684747
213,2018-01-09 21:00:00,5.015868244133792,12.757206322799188
214,2018-01-09 22:00:00,0.25029729234586773,1.1487592592403622
215,2018-01-09 23:00:00,0.28204331211368194,0.6511360043109552
216,2018-01-10 00:00:00,0.5415287205840744,0.9831138078925893
217,2018-01-10 01:00:00,-0.058699041594830643,1.0926202150493993
218,2018-01-10 02:00:00,-0.012124535055068721,0.9079487556673776
219,2018-01-10 03:00:00,1.8955049751530468,3.1480059098485342
220,2018-01-10 04:00:00,-1.4639199789490203,0.5885626541438908
221,2018-01-10 05:00:00,0.11572407659437126,0.7883305883455263
222,2018-01-10 06:00:00,2.0343999802013535,2.792393562540043
223,2018-01-10 07:00:00,2.2243022407886355,2.5736328781743762
224,2018-01-10 08:00:00,0.720897878402604,1.557619717342757
225,2018-01-10 09:00:00,-0.003673212281946176,1.1721433451929268
226,2018-01-10 10:00:00,-1.235751482601746,0.570418398698974
227,2018-01-10 11:00:00,-1.0745758582222154,1.1353094547570104
228,2018-01-10 12:00:00,-0.5031138409517711,0.16105295832924238
229,2018-01-10 13:00:00,-1.158164605191457,0.8315196799650024
230,2018-01-10 14:00:00,0.3910996228894785,1.019759729743544
231,2018-01-10 15:00:00,-1.318609955505203,0.7861004502024607
232,2018-01-10 16:00:00,-2.515805527139205,0.30902385445154573
233,2018-01-10 17:00:00,2.539928435375161,3.042093760651041
234,2018-01-10 18:00:00,-1.8851835461382382,0.37814181242161804
235,2018-01-10 19:00:00,-0.8550640597527733,0.5915880475198164
236,2018-01-10 20:00:00,0.9756485508016235,2.010575002756003
237,2018-01-10 21:00:00,3.6453392089955305,6.043874675056538
238,2018-01-10 22:00:00,-1.3605762116102615,0.3033924515118993
239,2018-01-10 23:00:00,-0.8950454701920227,1.004233005995563
240,2018-01-11 00:00:00,2.2916582602721767,3.3790663887777788
241,2018-01-11 01:00:00,2.840688166231528,4.085915856123502
242,2018-01-11 02:00:00,0.7337951820812789,1.7123096643377191
243,2018-01-11 03:00:00,-2.1224979456715447,-0.11676211593045976
244,2018-01-11 04:00:00,4.279432466392812,8.508415578575715
245,2018-01-11 05:00:00,0.6574793900369984,0.901915998777906
246,2018-01-11 06:00:00,2.311362093023322,3.290350130033956
247,2018-01-11 07:00:00,-2.695662494804483,0.19506760109293797
248,2018-01-11 08:00:00,-1.4703724681115184,0.7470100220716156
249,2018-01-11 09:00:00,1.6107525078003864,1.6299592729311998
250,2018-01-11 10:00:00,2.2946813366112297,3.229058295662225
251,2018-01-11 11:00:00,2.0847661619137616,3.5272152048430536
252,2018-01-11 12:00:00,-2.830340478929752,0.36171865518819546
253,2018-01-11 13:00:00,-2.3401699579896937,-0.060026938399194485
254,2018-01-11 14:00:00,0.039826994075546185,1.0744841924164454
255,2018-01-11 15:00:00,0.5689919997636773,1.2051044850923847
256,2018-01-11 16:00:00,-0.6117059137586802,0.5996218114958701
257,2018-01-11 17:00:00,-0.17834720289186132,0.9635665628273691
258,2018-01-11 18:00:00,2.6737196679792796,3.287266035566057
259,2018-01-11 19:00:00,0.2524770822483584,1.2721538814649995
260,2018-01-11 20:00:00,-1.6385556637898542,0.7132003076520561
261,2018-01-11 21:00:00,-2.4387039444629672,0.017183868866447072
262,2018-01-11 22:00:00,0.07652564687102428,1.8429158844993143
263,2018-01-11 23:00:00,-2.1663429740269238,0.6846459913804521
264,2018-01-12 00:00:00,-1.5097781811653368,0.5694835040153223
265,2018-01-12 01:00:00,3.805186093082167,6.967274404226503
266,2018-01-12 02:00:00,2.650512873123901,4.177542905509512
267,2018-01-12 03:00:00,-3.0645326541007196,0.2348272513427166
268,2018-01-12 04:00:00,2.083168699170224,3.1655561318637195
269,2018-01-12 05:00:00,-0.46945499649818684,1.2998518079696604
270,2018-01-12 06:00:00,2.0159769981851663,2.75289949294825
271,2018-01-12 07:00:00,1.325561726874894,1.9155472199383068
272,2018-01-12 08:00:00,-1.8671530634879794,0.404188008918691
273,2018-01-12 09:00:00,0.6182550892574297,1.4991076857188312
274,2018-01-12 10:00:00,0.43500504745801194,1.2604885915822763
275,2018-01-12 11:00:00,2.6182589985794147,3.8542540113448105
276,2018-01-12 12:00:00,-1.3743940009633868,0.537892682574813
277,2018-01-12 13:00:00,1.6296793649345807,2.5748626353195943
278,2018-01-12 14:00:00,0.8902777968675444,1.2600532381763503
279,2018-01-12 15:00:00,1.0494505780489254,1.9004733917919077
280,2018-01-12 16:00:00,0.6666627480341442,0.975185884245276
281,2018-01-12 17:00:00,-0.3430468323075187,0.6112468943029756
282,2018-01-12 18:00:00,3.0966624058964007,4.830857927859508
283,2018-01-12 19:00:00,-1.8425340386723854,0.9025006076025881
284,2018-01-12 20:00:00,2.0568257227173947,2.4797862068745005
285,2018-01-12 21:00:00,-0.10885643827611959,0.463768971582938
286,2018-01-12 22:00:00,3.157299849974356,5.154413773866801
287,2018-01-12 23:00:00,0.07682447453152584,1.4042722066335298
288,2018-01-13 00:00:00,-0.38613980944153126,1.1757305805854639
289,2018-01-13 01:00:00,0.7937490617259308,1.366730918447272
290,2018-01-13 02:00:00,-0.16496355992103895,0.2839997671042369
291,2018-01-13 03:00:00,-0.21472029969130282,0.725433404986
292,2018-01-13 04:00:00,-2.626617338637037,0.4009423619190063
293,2018-01-13 05:00:00,2.6530842759178954,3.6841452108363004
294,2018-01-13 06:00:00,-0.8481718799063126,0.05194314536814926
295,2018-01-13 07:00:00,-2.4416256194268775,0.39953733621527576
296,2018-01-13 08:00:00,-1.165626361920511,0.606591762705338
297,2018-01-13 09:00:00,-2.20249920793314,0.22114657915327635
298,2018-01-13 10:00:00,5.874655351699483,19.156309341071353
299,2018-01-13 11:00:00,0.970538675287272,1.5563375202453036
300,2018-01-13 12:00:00,-1.80400579863378,0.8544479288562847
301,2018-01-13 13:00:00,2.9662031800686797,4.526221803524703
302,2018-01-13 14:00:00,0.4283087244957197,1.3804361086782306
303,2018-01-13 15:00:00,0.5894919875332583,1.1947362877593646
304,2018-01-13 16:00:00,-0.3923505295389822,0.7790859363394356
305,2018-01-13 17:00:00,-2.6435061913504763,0.45721799690087017
306,2018-01-13 18:00:00,1.9378778695840835,3.486673887535677
307,2018-01-13 19:00:00,-1.9118629256924502,0.24935458197180713
308,2018-01-13 20:00:00,0.31987941663734826,1.2801539755562419
309,2018-01-13 21:00:00,-0.6656295984752871,0.7402916018374363
310,2018-01-13 22:00:00,-1.004552590832634,0.686327176935091
311,2018-01-13 23:00:00,2.0689222062500736,3.226638039934918
312,2018-01-14 00:00:00,-1.5299698599401141,1.1183181494434402
313,2018-01-14 01:00:00,0.13928375282707717,1.241320591610553
314,2018-01-14 02:00:00,0.7992473444856074,1.5529715226569816
315,2018-01-14 03:00:00,2.0187750024201345,2.9198701352891856
316,2018-01-14 04:00:00,-1.2654601851081522,0.41147857110593833
317,2018-01-14 05:00:00,-2.931817054976392,0.09018899563331467
318,2018-01-14 06:00:00,2.567482079515553,3.5227208299461137
319,2018-01-14 07:00:00,1.258753447529803,1.3770851022371222
320,2018-01-14 08:00:00,1.2506683520092032,2.1658735183381252
321,2018-01-14 09:00:00,4.198519415017696,8.148831553490803
322,2018-01-14 10:00:00,1.0871796321272926,2.0291931290252987
323,2018-01-14 11:00:00,0.9275253929233837,1.7689034508812032
324,2018-01-14 12:00:00,1.122869884012255,1.9162572824317177
325,2018-01-14 13:00:00,1.0033005257044159,1.6297901894374278
326,2018-01-14 14:00:00,0.9589949519819254,2.028127397538082
327,2018-01-14 15:00:00,-1.3095364174753372,0.13357506767756222
328,2018-01-14 16:00:00,-0.43842872613239053,0.9873708069024216
329,2018-01-14 17:00:00,0.33579369714271745,1.1945883989221318
330,2018-01-14 18:00:00,-0.9126686869659483,1.008103006092938
331,2018-01-14 19:00:00,3.541874318403009,5.756591326838666
332,2018-01-14 20:00:00,2.530660169054952,3.5356877371642916
333,2018-01-14 21:00:00,-2.0859741863197847,0.6148521077442719
334,2018-01-14 22:00:00,-1.3517287530312245,0.40798728951651875
335,2018-01-14 23:00:00,2.3672638335694214,3.2252922835181
336,2018-01-15 00:00:00,2.6152992195161753,3.7192882967463947
337,2018-01-15 01:00:00,1.8425690751202641,2.5409475486906397
338,2018-01-15 02:00:00,-1.6330022992343802,0.40374000923364034
339,2018-01-15 03:00:00,-0.1354446995725294,1.0782807359504143
340,2018-01-15 04:00:00,-4.876724613266343,0.44582842710662984
341,2018-01-15 05:00:00,4.250867636880563,7.940421804019423
342,2018-01-15 06:00:00,-1.069883776108736,1.0865860251508876
343,2018-01-15 07:00:00,-0.6744161301280551,0.6765122338760673
344,2018-01-15 08:00:00,-2.4519034219585683,0.08496355784991202
345,2018-01-15 09:00:00,-0.6828070993603935,0.34772813737404756
346,2018-01-15 10:00:00,-0.8164074758416292,0.4207772656954789
347,2018-01-15 11:00:00,-2.2408864764007816,-0.14370371695318523
348,2018-01-15 12:00:00,0.05699445324119628,0.8893783049298415
349,2018-01-15 13:00:00,-0.29390938204050604,1.0888317418733637
350,2018-01-15 14:00:00,1.6451931499443824,2.3549993535801006
351,2018-01-15 15:00:00,1.2469438080972512,2.4800597800175073
352,2018-01-15 16:00:00,-0.8724592450868708,0.2894517783484089
353,2018-01-15 17:00:00,0.21167774435908301,1.4266257054142968
354,2018-01-15 18:00:00,3.0776057990921957,4.703154869711501
355,2018-01-15 19:00:00,-2.889322538470305,0.7216665443976563
356,2018-01-15 20:00:00,-0.06707031590268041,0.9343867423913703
357,2018-01-15 21:00:00,-1.6629611193656684,-0.10249885271457321
358,2018-01-15 22:00:00,1.2010910046376282,1.7815527401195181
359,2018-01-15 23:00:00,-1.2442343301782783,0.9354096780132726
360,2018-01-16 00:00:00,1.3983258181156384,1.8612215742641018
361,2018-01-16 01:00:00,-3.053544259220452,0.3213629408444697
362,2018-01-16 02:00:00,-0.0660952429536725,1.0207576043938495
363,2018-01-16 03:00:00,-1.9699521778082298,0.38801755008824174
364,2018-01-16 04:00:00,1.1319221448199925,2.224154716078852
365,2018-01-16 05:00:00,-0.6034521434524225,1.0938590915398407
366,2018-01-16 06:00:00,1.1622908385657718,1.453904954948388
367,2018-01-16 07:00:00,0.2964201535725,1.0211399119046547
368,2018-01-16 08:00:00,-0.1908298774869391,0.6216736789272818
369,2018-01-16 09:00:00,-0.5625234837697536,0.9803814745641721
370,2018-01-16 10:00:00,-0.8170952905314807,0.6528653723358021
371,2018-01-16 11:00:00,-1.6050812623569461,0.6755257689901474
372,2018-01-16 12:00:00,1.5799771174712811,2.193448364281841
373,2018-01-16 13:00:00,-3.0202265059019306,-0.33513411952703653
374,2018-01-16 14:00:00,-3.655968811109908,0.09509180979327697
375,2018-01-16 15:00:00,0.9571699608353197,1.3023374657344151
376,2018-01-16 16:00:00,2.2278270760380137,2.9368597094896347
377,2018-01-16 17:00:00,0.3193663578987414,1.0771503291831366
378,2018-01-16 18:00:00,2.5204762839673682,3.7382369356840197
379,2018-01-16 19:00:00,1.0883374304967859,1.7483406903976801
380,2018-01-16 20:00:00,2.093603299346433,2.8943799763124596
381,2018-01-16 21:00:00,1.0335530865726494,1.6479985869412392
382,2018-01-16 22:00:00,1.8574332927427009,2.187340307345715
383,2018-01-16 23:00:00,-0.6149409092577862,0.8606337984239366
384,2018-01-17 00:00:00,2.429680219340032,3.159266018413348
385,2018-01-17 01:00:00,-0.18335699775835382,0.4360300936448648
386,2018-01-17 02:00:00,-2.346290408817295,0.5968202003841597
387,2018-01-17 03:00:00,-2.000722742928501,0.4954056938613378
388,2018-01-17 04:00:00,0.196600333528358,0.5256192503121718
389,2018-01-17 05:00:00,-0.4169356383432832,0.6877470974385294
390,2018-01-17 06:00:00,-1.0989776469245423,0.4376394968687346
391,2018-01-17 07:00:00,-1.2051813858039022,0.4441127022123891
392,2018-01-17 08:00:00,-0.9278752221228735,0.5977079642314757
393,2018-01-17 09:00:00,-0.7866904844779138,1.040191303497858
394,2018-01-17 10:00:00,1.418663525237166,1.5687525189916287
395,2018-01-17 11:00:00,1.1156226008697112,1.647965975600814
396,2018-01-17 12:00:00,0.22034895698024098,0.928634612049198
397,2018-01-17 13:00:00,0.5464268311607945,1.5023986690977151
398,2018-01-17 14:00:00,-0.75864670376784,0.5589368289451487
399,2018-01-17 15:00:00,-3.4274612422089543,-0.09667439532057037
400,2018-01-17 16:00:00,-2.1598520639169436,0.4798367692457006
401,2018-01-17 17:00:00,2.5732287943016083,3.325763974999973
402,2018-01-17 18:00:00,3.785922113492521,6.517670852450519
403,2018-01-17 19:00:00,1.5427951748786233,2.7941191625402286
404,2018-01-17 20:00:00,-1.5692827053158527,0.48960730373275196
405,2018-01-17 21:00:00,-0.006839547637472935,1.4011690755952544
406,2018-01-17 22:00:00,0.3431016917131632,1.3943912391072093
407,2018-01-17 23:00:00,-4.1352849472441155,-0.12586926358728945
408,2018-01-18 00:00:00,-0.6120986880009464,0.6250613493068277
409,2018-01-18 01:00:00,-4.156632928214151,0.08059565425925075
410,2018-01-18 02:00:00,4.316020405984093,8.687191498531549
411,2018-01-18 03:00:00,-1.221817750900839,0.5861736657846476
412,2018-01-18 04:00:00,0.046898144991944765,1.0910148849230765
413,2018-01-18 05:00:00,0.6318838781691002,1.5038198395801663
414,2018-01-18 06:00:00,-2.239938065011735,0.4880826376791054
415,2018-01-18 07:00:00,-0.4045382352958026,0.6684762979293123
416,2018-01-18 08:00:00,2.221791211983217,2.6353363408920365
417,2018-01-18 09:00:00,-0.6656400734251499,1.0664030964910238
418,2018-01-18 10:00:00,0.5789461514819412,1.7506381003295162
419,2018-01-18 11:00:00,-0.5445429850953235,0.7461992561397721
420,2018-01-18 12:00:00,1.8344025018700465,2.2569884848630277
421,2018-01-18 13:00:00,0.11697907689379819,1.1214778279491286
422,2018-01-18 14:00:00,6.218396124462535,22.78018485737632
423,2018-01-18 15:00:00,-0.5297036711068982,0.6905233921362939
424,2018-01-18 16:00:00,1.4903924318954815,1.4241568732850385
425,2018-01-18 17:00:00,1.4558255609451065,1.6443240032839292
426,2018-01-18 18:00:00,-3.072334409159999,-0.11452106105039794
427,2018-01-18 19:00:00,-1.9732383920952334,0.39404434512839864
428,2018-01-18 20:00:00,-0.7023149730525909,0.5260877352573691
429,2018-01-18 21:00:00,1.6291917094387145,2.5362232518850347
430,2018-01-18 22:00:00,-0.13118334236712623,1.0128918810029222
431,2018-01-18 23:00:00,-4.707352824005345,-0.20828262470765585
432,2018-01-19 00:00:00,-0.6629032861135462,0.47396105416370404
433,2018-01-19 01:00:00,1.6460998563619225,2.0002973731612905
434,2018-01-19 02:00:00,0.8766923132233356,1.6936814013282584
435,2018-01-19 03:00:00,0.9653693026094,1.8457815415547816
436,2018-01-19 04:00:00,2.4326385797685997,3.1996156359934846
437,2018-01-19 05:00:00,-0.04482134430676457,1.0381573984650676
438,2018-01-19 06:00:00,2.4758196566783512,3.888836949118979
439,2018-01-19 07:00:00,4.235019327088337,8.18364353514434
440,2018-01-19 08:00:00,0.12144149296657475,1.5475764902001041
441,2018-01-19 09:00:00,0.24369206545404212,1.3495142956288932
442,2018-01-19 10:00:00,-0.26208808183490473,1.2769666155508501
443,2018-01-19 11:00:00,0.494990273632381,0.9266269159645839
444,2018-01-19 12:00:00,-0.8138686496613875,0.9057792011288486
445,2018-01-19 13:00:00,1.7121323084563842,2.511884669036678
446,2018-01-19 14:00:00,-1.9846921563781037,0.44198027671234236
447,2018-01-19 15:00:00,-2.641634479576162,0.22180225400810852
448,2018-01-19 16:00:00,2.2930830680619336,3.165570671328072
449,2018-01-19 17:00:00,-0.6959980065669231,0.5608857398393774
450,2018-01-19 18:00:00,1.0966365656419919,1.6692975132039856
451,2018-01-19 19:00:00,0.9000116004624364,1.4194907503440117
452,2018-01-19 20:00:00,0.22229896874980531,1.225252212184396
453,2018-01-19 21:00:00,1.3000248052165866,1.714774281527151
454,2018-01-19 22:00:00,-1.5394298057545737,-0.14342353738260066
455,2018-01-19 23:00:00,-2.65945664533606,-0.03333281792428644
456,2018-01-20 00:00:00,2.4297895995037653,3.7534296568987147
457,2018-01-20 01:00:00,5.117227428200809,13.315593800635481
458,2018-01-20 02:00:00,1.116990563104918,1.615285541040647
459,2018-01-20 03:00:00,-0.4191652594190114,0.30234443290762636
460,2018-01-20 04:00:00,2.1038002072299884,3.351825464889967
461,2018-01-20 05:00:00,-2.580511845930077,0.5801980120833736
462,2018-01-20 06:00:00,-1.4470642267506544,0.15980567374974308
463,2018-01-20 07:00:00,1.0984101085912492,2.423923132355365
464,2018-01-20 08:00:00,-0.06887207827568154,1.0702012479411969
465,2018-01-20 09:00:00,0.4363842473733828,1.4670768933527112
466,2018-01-20 10:00:00,-0.8776216946599497,0.4234973076228133
467,2018-01-20 11:00:00,2.5803519086105773,3.8407960219695507
468,2018-01-20 12:00:00,3.910427318673109,6.881608503122282
469,2018-01-20 13:00:00,0.5770393676050384,1.5506606365890108
470,2018-01-20 14:00:00,-4.0125286988204625,-0.1865319034709615
471,2018-01-20 15:00:00,3.2233785192599975,5.300525716199568
472,2018-01-20 16:00:00,2.791305132243576,3.883874811602112
473,2018-01-20 17:00:00,0.08714721629718204,0.9954548060933455
474,2018-01-20 18:00:00,-0.48612643381836584,1.084388276528853
475,2018-01-20 19:00:00,3.7249930511833402,5.875663706914517
476,2018-01-20 20:00:00,-0.3895772297467707,1.0569838649811907
477,2018-01-20 21:00:00,1.9377252215923995,2.980854859414683
478,2018-01-20 22:00:00,0.8709580921517344,1.510527736711353
479,2018-01-20 23:00:00,1.7234115757256923,2.3270053929386307
480,2018-01-21 00:00:00,-1.2101142366573743,0.2441981687633497
481,2018-01-21 01:00:00,-0.45771784869016824,0.27866200926209983
482,2018-01-21 02:00:00,0.15119112552944886,1.0772501567425654
483,2018-01-21 03:00:00,-1.3291561002197185,0.7967411995751512
484,2018-01-21 04:00:00,0.6111930650033419,1.613231518385181
485,2018-01-21 05:00:00,0.9029142705982156,1.3149172027513523
486,2018-01-21 06:00:00,0.34638993318941125,0.828055221354896
487,2018-01-21 07:00:00,-2.9740598903736837,0.21094935776834034
488,2018-01-21 08:00:00,-4.616766772076733,-0.11150130586199367
489,2018-01-21 09:00:00,-0.7427239952923905,0.7077977419545294
490,2018-01-21 10:00:00,-1.021720425949168,0.3849866341755365
491,2018-01-21 11:00:00,-2.6192954215033555,0.7913110033079774
492,2018-01-21 12:00:00,-0.19982219206326204,1.7120751088092492
493,2018-01-21 13:00:00,1.610143636393339,2.2173337285890944
494,2018-01-21 14:00:00,-0.3169523661420834,0.8866397341129334
495,2018-01-21 15:00:00,0.6193471122500599,0.8684350266549463
496,2018-01-21 16:00:00,2.1595594617890086,2.9843390315929796
497,2018-01-21 17:00:00,-1.1866400767175567,0.17532014948020053
498,2018-01-21 18:00:00,2.9463824899432525,4.286863738411747
499,2018-01-21 19:00:00,0.5198737734524039,1.1483579248219493
500,2018-01-21 20:00:00,0.9723967876191151,1.9845257987397589
501,2018-01-21 21:00:00,-0.10223180866917647,0.7897382129344954
502,2018-01-21 22:00:00,0.6501095302025065,1.4301001482086884
503,2018-01-21 23:00:00,0.47756660204252904,1.6416663863449443
504,2018-01-22 00:00:00,-4.126119453644566,-0.15326674469329726
505,2018-01-22 01:00:00,-1.0710386218198293,0.17349753035004267
506,2018-01-22 02:00:00,0.23483636941186153,1.2432225834373125
507,2018-01-22 03:00:00,-2.41479409532957,-0.3834312134908199
508,2018-01-22 04:00:00,3.3860062666732365,5.095168928459615
509,2018-01-22 05:00:00,0.033022388597883326,1.5810049645007251
510,2018-01-22 06:00:00,-1.1026440283899883,0.8924606350550848
511,2018-01-22 07:00:00,1.283397392232823,2.079425589181345
512,2018-01-22 08:00:00,-1.3678443410649836,0.620110012488591
513,2018-01-22 09:00:00,-0.3602179561758196,0.7511616602076181
514,2018-01-22 10:00:00,2.474375879734986,3.7342199845408044
515,2018-01-22 11:00:00,2.020925165359445,2.612986011945343
516,2018-01-22 12:00:00,-2.0460489611526973,-0.24255936305610182
517,2018-01-22 13:00:00,3.8358269874247246,7.302011550742748
518,2018-01-22 14:00:00,2.6711000364727093,3.800119102072289
519,2018-01-22 15:00:00,1.344606181080996,1.9784413212832703
520,2018-01-22 16:00:00,2.8408401946897492,3.9944514335838828
521,2018-01-22 17:00:00,-5.968604514030431,0.8661510172015658
522,2018-01-22 18:00:00,-0.14540414384387354,0.7544911772169259
523,2018-01-22 19:00:00,-2.301089681882329,-0.26408725297068475
524,2018-01-22 20:00:00,-1.7509550849716422,0.4213609346176393
525,2018-01-22 21:00:00,-0.7429096646063994,1.176552325078467
526,2018-01-22 22:00:00,0.5765524867466839,1.3176723956806315
527,2018-01-22 23:00:00,-1.4629707616388128,0.8493258214453416
528,2018-01-23 00:00:00,3.564118936978774,5.636948881442228
529,2018-01-23 01:00:00,-1.052231772250268,0.6337084793205352
530,2018-01-23 02:00:00,1.673007325982751,1.940568271640263
531,2018-01-23 03:00:00,-0.5981563877531464,0.7632993557538198
532,2018-01-23 04:00:00,0.9136961534726769,1.3302872502423067
533,2018-01-23 05:00:00,-3.011994241384426,0.1419798887458124
534,2018-01-23 06:00:00,0.980627246231791,1.4306217276576538
535,2018-01-23 07:00:00,0.9170276159536137,1.6961436924708029
536,2018-01-23 08:00:00,2.543450321034151,3.5175988092594555
537,2018-01-23 09:00:00,0.7834482921243549,2.004855719119067
538,2018-01-23 10:00:00,-1.071801898729289,0.3775069893953036
539,2018-01-23 11:00:00,-0.6178693099204043,1.0723436721807984
540,2018-01-23 12:00:00,1.787717486496364,2.5570577190684403
541,2018-01-23 13:00:00,-1.2495284775663285,0.5326232715868401
542,2018-01-23 14:00:00,0.5637463665730459,1.44141153910593
543,2018-01-23 15:00:00,-3.4383069151988646,-0.2719775985121069
544,2018-01-23 16:00:00,0.7900760347923806,1.3852469251548905
545,2018-01-23 17:00:00,3.5674322698868943,6.372371968411034
546,2018-01-23 18:00:00,2.030026109129247,2.501220997344225
547,2018-01-23 19:00:00,1.7421094624642197,2.4507787558253646
548,2018-01-23 20:00:00,0.7995797287113453,1.2234186809885026
549,2018-01-23 21:00:00,0.00908825324101704,0.9334285693806055
550,2018-01-23 22:00:00,0.12666320239707773,0.8162978830694494
551,2018-01-23 23:00:00,0.413918343377857,0.9805529325305785
552,2018-01-24 00:00:00,-0.3445618384133132,0.952093695480131
553,2018-01-24 01:00:00,-0.7796767159586502,0.9584883011342884
554,2018-01-24 02:00:00,-2.807566446117522,-0.02701468725923631
555,2018-01-24 03:00:00,-1.467150226338032,0.29502624440588576
556,2018-01-24 04:00:00,0.15155790238083275,1.1330668497919294
557,2018-01-24 05:00:00,1.2690303531153375,1.3895845509978808
558,2018-01-24 06:00:00,-2.117917713347947,0.29545731062011105
559,2018-01-24 07:00:00,3.7000347665627067,6.033089423025198
560,2018-01-24 08:00:00,-0.8010308165766539,0.6568665812215859
561,2018-01-24 09:00:00,-1.95678849352742,0.758816073486359
562,2018-01-24 10:00:00,-0.20735377433971416,0.9576808282087036
563,2018-01-24 11:00:00,-2.03126257818044,0.30508076034293774
564,2018-01-24 12:00:00,-0.6157280906435231,0.07887436149899019
565,2018-01-24 13:00:00,-1.594866195683496,0.4307812079195479
566,2018-01-24 14:00:00,-1.8062562530554414,0.47080616079181187
567,2018-01-24 15:00:00,1.5835430997245488,2.238188266841678
568,2018-01-24 16:00:00,1.5439115870580968,2.133236555049685
569,2018-01-24 17:00:00,-1.5893350716609573,0.8692304142290652
570,2018-01-24 18:00:00,3.2170588457439777,5.544199127041338
571,2018-01-24 19:00:00,0.11360854791536382,0.9888205537394616
572,2018-01-24 20:00:00,0.3657520564859568,0.7887732028784448
573,2018-01-24 21:00:00,1.4970624174774383,2.345925898669686
574,2018-01-24 22:00:00,-0.205195344593279,1.0964379776399438
575,2018-01-24 23:00:00,1.8925177990399251,2.976625791401305
576,2018-01-25 00:00:00,-1.9073294756862806,0.21763469778390515
577,2018-01-25 01:00:00,2.4231148479324367,2.896304815089726
578,2018-01-25 02:00:00,0.6456867962015981,1.1103127501851484
579,2018-01-25 03:00:00,0.30352349244043386,0.6048105143568931
580,2018-01-25 04:00:00,1.4664637658973851,2.528338822901185
581,2018-01-25 05:00:00,-3.598568586223723,0.4007040755330621
582,2018-01-25 06:00:00,-1.7088817142546044,0.5011041379369457
583,2018-01-25 07:00:00,2.762606530575917,3.552016186269011
584,2018-01-25 08:00:00,-1.9976172982084923,-0.16052905567909642
585,2018-01-25 09:00:00,-1.2197908522399405,-0.09232685911971716
586,2018-01-25 10:00:00,1.057053071959407,1.3445663788700812
587,2018-01-25 11:00:00,-2.3450866364924634,0.30924061384061613
588,2018-01-25 12:00:00,1.3921935145687272,2.2056772973203733
589,2018-01-25 13:00:00,1.9248272485947833,2.2957496726389004
590,2018-01-25 14:00:00,1.0278331096703508,1.5255824805249854
591,2018-01-25 15:00:00,0.36375824774269516,1.0006359094513715
592,2018-01-25 16:00:00,-1.8899248992352515,0.6923543755767478
593,2018-01-25 17:00:00,-1.3179248017732295,0.17607445036206582
594,2018-01-25 18:00:00,-0.14841586922457112,0.8212754094859456
595,2018-01-25 19:00:00,-1.7608179437247207,0.6208778732083686
596,2018-01-25 20:00:00,-3.1121079401173297,0.09081684227374293
597,2018-01-25 21:00:00,-1.4321071199177393,0.11615865619249494
598,2018-01-25 22:00:00,-0.7542193222955929,0.7519960811208248
599,2018-01-25 23:00:00,-0.6655451055356598,0.2528404118171338
600,2018-01-26 00:00:00,0.059446206146801205,0.4660568432538251
601,2018-01-26 01:00:00,-0.5503808086979488,0.09808701660759322
602,2018-01-26 02:00:00,1.7925696041218755,2.5612042930407903
603,2018-01-26 03:00:00,-1.6383822995586725,0.21843475490313527
604,2018-01-26 04:00:00,1.8874911243845975,2.759163140398591
605,2018-01-26 05:00:00,-1.4205953066617347,0.5157299669743532
606,2018-01-26 06:00:00,-4.234222208799033,0.19071797455312967
607,2018-01-26 07:00:00,1.8765778275279077,2.2527817277288014
608,2018-01-26 08:00:00,3.5641812397738066,6.457351999817624
609,2018-01-26 09:00:00,-1.8447340362540212,0.6935629517578299
610,2018-01-26 10:00:00,-0.4077002738700707,1.0259106205751116
611,2018-01-26 11:00:00,1.3628512273911524,1.510921023288369
612,2018-01-26 12:00:00,3.881201963165804,7.365237148856674
613,2018-01-26 13:00:00,1.215203399523424,1.414483675285101
614,2018-01-26 14:00:00,-0.5518942607809669,1.0258457147952182
615,2018-01-26 15:00:00,-0.24501929550519078,0.8334538837560668
616,2018-01-26 16:00:00,3.7436764432803162,6.619091153151025
617,2018-01-26 17:00:00,-5.379917408831941,0.17175332314074743
618,2018-01-26 18:00:00,-1.0094853991017163,0.9140750897420236
619,2018-01-26 19:00:00,0.5391746502234062,1.546320523595744
620,2018-01-26 20:00:00,-6.6791720379594945,-0.2372382948293146
621,2018-01-26 21:00:00,-2.090728685157531,0.47705032476107695
622,2018-01-26 22:00:00,0.6755670972576328,1.3301910741379426
623,2018-01-26 23:00:00,0.1911561074935199,1.1779627996233817
624,2018-01-27 00:00:00,-0.26516946207523706,1.271707159884502
625,2018-01-27 01:00:00,-1.5627665623755198,-0.053125481358099136
626,2018-01-27 02:00:00,2.0426149172872785,2.1739753381109477
627,2018-01-27 03:00:00,0.5603687055075687,1.3795463503013423
628,2018-01-27 04:00:00,-0.0832621008165477,0.7813028526366192
629,2018-01-27 05:00:00,2.6762401172289967,4.1144122649995865
630,2018-01-27 06:00:00,-0.8220547504608614,0.7397048586842007
631,2018-01-27 07:00:00,-2.4388565010385412,0.5721204252778671
632,2018-01-27 08:00:00,1.3890808951103208,1.9281646616564139
633,2018-01-27 09:00:00,0.9342770018438473,1.6949545587462789
634,2018-01-27 10:00:00,1.6435970340128934,1.8389244552375517
635,2018-01-27 11:00:00,-0.13553727153154294,0.8198247095236703
636,2018-01-27 12:00:00,-1.083096867761707,0.23941426131502702
637,2018-01-27 13:00:00,-1.037023177660083,0.6106417898119075
638,2018-01-27 14:00:00,3.2025433906713703,5.236576911410867
639,2018-01-27 15:00:00,2.9475896562543094,4.44629741222134
640,2018-01-27 16:00:00,-2.2648144302507145,0.7076857427134631
641,2018-01-27 17:00:00,1.195147519513814,1.7347082424362865
642,2018-01-27 18:00:00,-0.18975247567990666,0.8335971145953925
643,2018-01-27 19:00:00,-0.15338879647438805,0.5595926257162503
644,2018-01-27 20:00:00,1.0033347741033738,1.9128404086786497
645,2018-01-27 21:00:00,2.635729423892927,3.7755554020113027
646,2018-01-27 22:00:00,-1.3284276204415857,0.6178476726400994
647,2018-01-27 23:00:00,0.23827603678963322,1.3090393335256643
648,2018-01-28 00:00:00,2.324523788260369,2.808283912540979
649,2018-01-28 01:00:00,-2.7916762054046314,0.31606314314007
650,2018-01-28 02:00:00,0.35742636070325967,0.9979914970767619
651,2018-01-28 03:00:00,3.2160190575973275,4.929643169110972
652,2018-01-28 04:00:00,0.9431345390794605,1.122368644850125
653,2018-01-28 05:00:00,2.127719551769195,2.9006056101503366
654,2018-01-28 06:00:00,1.8085572138972306,2.0217566588108355
655,2018-01-28 07:00:00,0.6294238104596097,1.4090135328031337
656,2018-01-28 08:00:00,1.4651395012432842,2.1918807134090477
657,2018-01-28 09:00:00,2.591806959428129,3.5755057940106907
658,2018-01-28 10:00:00,-3.4878723233169073,0.23435478080932837
659,2018-01-28 11:00:00,1.5265775571077957,2.418681263396433
660,2018-01-28 12:00:00,-0.21313107084300914,0.5775353237733443
661,2018-01-28 13:00:00,2.8452457473722146,4.6113975925556225
662,2018-01-28 14:00:00,1.108930983902218,1.8518080910596941
663,2018-01-28 15:00:00,-2.2552182475364946,0.720839871781511
664,2018-01-28 16:00:00,0.334338658769782,1.7205038364686516
665,2018-01-28 17:00:00,0.8986533329385104,1.7650545457075473
666,2018-01-28 18:00:00,-2.502947306076632,0.30837821870348264
667,2018-01-28 19:00:00,-0.01019237365553161,1.8581309822445544
668,2018-01-28 20:00:00,-0.6024468536148652,0.9074681310836129
669,2018-01-28 21:00:00,-0.16735155036452862,0.715886785307492
670,2018-01-28 22:00:00,0.267379415412535,1.3144118559454716
671,2018-01-28 23:00:00,1.7613752334251884,2.468792766569184
672,2018-01-29 00:00:00,-0.7666342413985853,0.44288023302923063
673,2018-01-29 01:00:00,-3.2960399507074825,0.23279660771389266
674,2018-01-29 02:00:00,-0.2625527617862788,0.7310524374798879
675,2018-01-29 03:00:00,-4.56741388465801,-0.27351140769966603
676,2018-01-29 04:00:00,1.2766076337140195,1.6950576685926824
677,2018-01-29 05:00:00,0.655964904137922,1.0098582276621184
678,2018-01-29 06:00:00,1.0945308412283814,1.312850392533827
679,2018-01-29 07:00:00,-0.9722724484957243,0.8664025273561218
680,2018-01-29 08:00:00,1.330161240608517,1.9407517293347114
681,2018-01-29 09:00:00,-1.8058603203105161,0.24854819736222475
682,2018-01-29 10:00:00,0.8094265398448958,1.2414259880234095
683,2018-01-29 11:00:00,2.1033427973833843,2.9316528599122673
684,2018-01-29 12:00:00,-0.2856651910301926,0.5024726450600157
685,2018-01-29 13:00:00,-2.645800427443662,0.24553375049227308
686,2018-01-29 14:00:00,-4.48022485724539,0.4981821997109617
687,2018-01-29 15:00:00,-1.0252521438583488,0.29491325649657757
688,2018-01-29 16:00:00,-2.570425251827925,0.23119696481062357
689,2018-01-29 17:00:00,-1.5256124261092134,0.6026809665454217
690,2018-01-29 18:00:00,-1.9292296532602546,-0.05860739982838231
691,2018-01-29 19:00:00,1.4267366158519084,2.1449568261282765
692,2018-01-29 20:00:00,-2.6838028262417892,0.493473707104563
693,2018-01-29 21:00:00,0.5440595688442261,1.0121175151850554
694,2018-01-29 22:00:00,0.2751361905200136,1.5391984748310308
695,2018-01-29 23:00:00,-0.3425156478355617,0.902718667774245
696,2018-01-30 00:00:00,0.24271707048143304,1.2177440402015816
697,2018-01-30 01:00:00,-0.30231672875188875,0.5924716431593775
698,2018-01-30 02:00:00,-2.1419733390212845,-0.0036319352421731455
699,2018-01-30 03:00:00,-4.94229093566681,-0.5498868473610112
700,2018-01-30 04:00:00,-2.1944212194202692,0.1801331806027113
701,2018-01-30 05:00:00,-3.1646166731927914,0.45608661129267614
702,2018-01-30 06:00:00,-3.8113081735303664,0.23543913967201835
703,2018-01-30 07:00:00,0.6025974478089604,1.3017039629967317
704,2018-01-30 08:00:00,-0.3387176043323269,1.113898526365136
705,2018-01-30 09:00:00,2.1669443836158013,3.082490521265712
706,2018-01-30 10:00:00,-2.433216106714803,0.8803346959704811
707,2018-01-30 11:00:00,-0.8706754428615472,0.9552047220327258
708,2018-01-30 12:00:00,0.7236215890687164,1.501094236894233
709,2018-01-30 13:00:00,-2.4502227909575245,0.336879237162166
710,2018-01-30 14:00:00,0.9481293294488956,1.4600878311611807
711,2018-01-30 15:00:00,1.4037616676748241,1.9381630782260244
712,2018-01-30 16:00:00,-1.9479155409542837,0.029576131580898724
713,2018-01-30 17:00:00,1.563637212842285,1.9118637771429428
714,2018-01-30 18:00:00,2.0546874779680224,3.0931942550284175
715,2018-01-30 19:00:00,0.26909760653282466,1.3165004491057375
716,2018-01-30 20:00:00,-0.6292638724874527,0.5656080611442992
717,2018-01-30 21:00:00,-1.7774850134267928,0.12162313196433822
718,2018-01-30 22:00:00,-1.7854151825599713,0.640374113611005
719,2018-01-30 23:00:00,0.8944505516639674,1.145146268183695
720,2018-01-31 00:00:00,-0.13971310242007307,0.606583221838224
721,2018-01-31 01:00:00,0.84517532145482,1.663545666961867
722,2018-01-31 02:00:00,-3.2737052576602483,0.03152136653447016
723,2018-01-31 03:00:00,-1.008402090706372,0.604803247869473
724,2018-01-31 04:00:00,3.731438523315949,5.989783568163404
725,2018-01-31 05:00:00,-0.42996598542059383,0.42058076464811256
726,2018-01-31 06:00:00,-2.3866785834338224,0.4579205917772158
727,2018-01-31 07:00:00,0.17474201571012188,1.2948717708525843
728,2018-01-31 08:00:00,0.09264121039790277,1.1910352447439863
729,2018-01-31 09:00:00,0.6554842421015176,1.2655039561102164
730,2018-01-31 10:00:00,-0.7189719362466752,0.6363637065849015
731,2018-01-31 11:00:00,-0.6026850590461429,0.4472150032363637
732,2018-01-31 12:00:00,-5.906242346421276,0.027054948703036798
733,2018-01-31 13:00:00,0.25498904503675945,1.5888684664494213
734,2018-01-31 14:00:00,0.782102073188205,1.656731334437107
735,2018-01-31 15:00:00,-1.3391839172905433,0.47903683670882113
736,2018-01-31 16:00:00,4.484942132871329,9.310895435559882
737,2018-01-31 17:00:00,0.7222356944644266,2.1018779768152007
738,2018-01-31 18:00:00,-2.3047759237326395,0.1440237032026567
739,2018-01-31 19:00:00,-3.0819288713654913,0.821057350290054
740,2018-01-31 20:00:00,-2.1842758416511807,-0.2846178916188424
741,2018-01-31 21:00:00,0.5081266412732756,1.1209939859903661
742,2018-01-31 22:00:00,-0.9517408834702108,0.580339056294743
743,2018-01-31 23:00:00,-1.39798289077844,0.17806568063539818
744,2018-02-01 00:00:00,0.07747749976146288,0.9646035920873589
745,2018-02-01 01:00:00,1.6631173916212993,2.3604023966129977
746,2018-02-01 02:00:00,-2.262237980960917,0.35445557278640827
747,2018-02-01 03:00:00,-1.895185522540934,0.4240106763266546
748,2018-02-01 04:00:00,-5.804782057251692,0.0016678314917820888
749,2018-02-01 05:00:00,-3.8914529374350852,-0.13092840534619554
750,2018-02-01 06:00:00,1.2981381720743197,1.3471095537151032
751,2018-02-01 07:00:00,-1.6389986062584219,0.1140876855680415
752,2018-02-01 08:00:00,2.259454948388867,2.9186064802948257
753,2018-02-01 09:00:00,3.026241771029503,4.743170835650682
754,2018-02-01 10:00:00,-2.246275729748075,0.3834191859940994
755,2018-02-01 11:00:00,1.3883477963212483,1.5175883303705637
756,2018-02-01 12:00:00,-3.325813069952333,-0.07874911260822498
757,2018-02-01 13:00:00,0.020248437618037865,0.8396610903874153
758,2018-02-01 14:00:00,0.9576767014117947,1.3963116471297194
759,2018-02-01 15:00:00,-2.886868918658555,0.5925733641260593
760,2018-02-01 16:00:00,-0.9833836512856101,0.29892420533970926
761,2018-02-01 17:00:00,-1.2123085863585472,0.22888018764216694
762,2018-02-01 18:00:00,1.6167949611973955,2.065090671517181
763,2018-02-01 19:00:00,-2.7955773601422886,0.042939605348164295
764,2018-02-01 20:00:00,-1.0987503813934818,0.9872551169314755
765,2018-02-01 21:00:00,0.07232360983984533,1.1399635852050212
766,2018-02-01 22:00:00,2.2068551960109457,2.857891326307117
767,2018-02-01 23:00:00,1.7429433799259546,2.329845723304111
768,2018-02-02 00:00:00,0.37907290691264756,1.5793818466065512
769,2018-02-02 01:00:00,0.7862746509448773,1.235909011630003
770,2018-02-02 02:00:00,0.03391825349279141,1.231034677660067
771,2018-02-02 03:00:00,-0.38923280195597476,0.605472015482496
772,2018-02-02 04:00:00,-1.487600063445812,-0.3739156930297397
773,2018-02-02 05:00:00,-2.10286865639808,0.2078697891952948
774,2018-02-02 06:00:00,-0.5911780964828127,0.5737883146314433
775,2018-02-02 07:00:00,-0.489417175457706,0.6318971646072116
776,2018-02-02 08:00:00,2.784635291638613,4.477246038239145
777,2018-02-02 09:00:00,0.2886941966059331,0.9307323282204713
778,2018-02-02 10:00:00,2.04920300400326,2.854292611760984
779,2018-02-02 11:00:00,-2.167812810966486,0.5132214901096263
780,2018-02-02 12:00:00,-3.333655663619863,-0.12084621359630146
781,2018-02-02 13:00:00,0.043536340583614455,1.2339240704110328
782,2018-02-02 14:00:00,1.1428337392435803,1.6356630371768976
783,2018-02-02 15:00:00,0.5976315338172378,1.044959525522715
784,2018-02-02 16:00:00,0.7783304056696756,1.9566901647957295
785,2018-02-02 17:00:00,-0.3123553852076483,0.9941586567958892
786,2018-02-02 18:00:00,-0.8077514073809812,0.28093184768217755
787,2018-02-02 19:00:00,0.24752661805394335,1.9543214402052507
788,2018-02-02 20:00:00,-1.7824195343716989,0.6327488466638826
789,2018-02-02 21:00:00,-1.8223829620011525,0.6185175363511554
790,2018-02-02 22:00:00,0.30817118017976186,1.1476428138750006
791,2018-02-02 23:00:00,0.029012703117559914,1.3764708008190938
792,2018-02-03 00:00:00,0.14605441335522973,1.0950809571290585
793,2018-02-03 01:00:00,-0.7928597071559189,0.6463189424106005
794,2018-02-03 02:00:00,-0.31245703471345615,0.9595641042260384
795,2018-02-03 03:00:00,0.007649692932697103,0.9941505905746705
796,2018-02-03 04:00:00,0.8163896829403583,1.2999370177419345
797,2018-02-03 05:00:00,-1.1352353912216506,1.0313109103707265
798,2018-02-03 06:00:00,-0.6976230132137734,0.8135342292502427
799,2018-02-03 07:00:00,4.300887466539129,8.555976960611948
800,2018-02-03 08:00:00,2.4338908944014324,3.5147449580083134
801,2018-02-03 09:00:00,-1.9767983924387758,-0.05260362217736264
802,2018-02-03 10:00:00,0.4954653856192916,1.5581197883077522
803,2018-02-03 11:00:00,0.9792241477518288,1.5760867530877534
804,2018-02-03 12:00:00,-2.275099666795506,-0.05457275692644309
805,2018-02-03 13:00:00,-3.58649408408858,0.07439182727641624
806,2018-02-03 14:00:00,1.5563536258804935,2.0162262657492747
807,2018-02-03 15:00:00,-2.9709660687432065,-0.1478140794449535
808,2018-02-03 16:00:00,2.1089999099144157,2.799411354317119
809,2018-02-03 17:00:00,2.6818151983017993,4.0823544965861505
810,2018-02-03 18:00:00,4.59600782449727,10.278348897748467
811,2018-02-03 19:00:00,2.9095795609511077,3.8640625833741895
812,2018-02-03 20:00:00,-1.660114469966525,0.5537659405228763
813,2018-02-03 21:00:00,-0.8082650737362036,1.139381088408842
814,2018-02-03 22:00:00,0.13996153287643706,1.0887847959784247
815,2018-02-03 23:00:00,4.877541336635438,11.407941311465132
816,2018-02-04 00:00:00,1.7840755072610341,2.595060450122729
817,2018-02-04 01:00:00,2.564955711610166,4.005463986983632
818,2018-02-04 02:00:00,2.781575734076174,4.2296959120793645
819,2018-02-04 03:00:00,-0.9283218176361384,0.10093878091120179
820,2018-02-04 04:00:00,0.8872436479775351,1.0906191651865487
821,2018-02-04 05:00:00,2.3184279569780015,2.4957239889379963
822,2018-02-04 06:00:00,2.0864530993556443,2.6610350352858116
823,2018-02-04 07:00:00,3.9217022968235677,7.247542206970162
824,2018-02-04 08:00:00,1.8988475784107084,2.5087791050846144
825,2018-02-04 09:00:00,1.1171596549751752,1.661553398576722
826,2018-02-04 10:00:00,3.6945148986217964,6.612589287642665
827,2018-02-04 11:00:00,-1.9351903932186165,0.13902143146922996
828,2018-02-04 12:00:00,0.4015510883403573,1.2101136327900797
829,2018-02-04 13:00:00,3.9011544686728645,6.965297417533275
830,2018-02-04 14:00:00,1.674224800813194,2.1397523343971256
831,2018-02-04 15:00:00,-2.9547503895643477,0.5168342171242374
832,2018-02-04 16:00:00,-2.0255756775220286,0.24992928952169932
833,2018-02-04 17:00:00,-1.0850454564885297,0.11633689299151873
834,2018-02-04 18:00:00,-1.2065844922812838,0.16957695787514626
835,2018-02-04 19:00:00,0.1512703390449199,1.2184372361316544
836,2018-02-04 20:00:00,2.107311036808275,2.6505357739357662
837,2018-02-04 21:00:00,3.1575815594514185,4.670287781476203
838,2018-02-04 22:00:00,-2.688765468063826,0.38741713910535147
839,2018-02-04 23:00:00,1.3205695207495902,1.8490751652094515
840,2018-02-05 00:00:00,2.371155438014747,3.9204783336669315
841,2018-02-05 01:00:00,-2.8105292468304626,-0.01122402007895898
842,2018-02-05 02:00:00,1.3213148744369194,1.5934942281044029
843,2018-02-05 03:00:00,2.813412908282796,4.395213908718762
844,2018-02-05 04:00:00,-0.5159355651592817,0.5142468545055955
845,2018-02-05 05:00:00,0.1464618907012229,1.2318817043147405
846,2018-02-05 06:00:00,-3.0303131807809867,0.1972453781829679
847,2018-02-05 07:00:00,1.0835706795878859,1.8894572852583436
848,2018-02-05 08:00:00,1.1790652103096597,1.6678432527469516
849,2018-02-05 09:00:00,0.6363526424813069,1.3562077820213192
850,2018-02-05 10:00:00,0.21311530620972688,0.344353928809671
851,2018-02-05 11:00:00,2.3574521565219526,2.9747378741502475
852,2018-02-05 12:00:00,-2.151003413294221,0.3066358179818219
853,2018-02-05 13:00:00,1.2954123025265178,1.7652445638064647
854,2018-02-05 14:00:00,-0.6293385584681778,0.6263734346979872
855,2018-02-05 15:00:00,0.5960087959403735,1.422214551277032
856,2018-02-05 16:00:00,0.4820418053084667,1.462887905876582
857,2018-02-05 17:00:00,-1.2297265598803007,0.9139119110683624
858,2018-02-05 18:00:00,0.18627008548376742,0.7796124340954509
859,2018-02-05 19:00:00,-3.1828977189820615,0.8256188128303966
860,2018-02-05 20:00:00,-1.672013639590636,0.19618015046755732
861,2018-02-05 21:00:00,3.8471772628421514,6.566240064070598
862,2018-02-05 22:00:00,0.12049089950248702,0.8412494866691508
863,2018-02-05 23:00:00,3.599237602303125,5.810025425554076
864,2018-02-06 00:00:00,-2.22497184052143,0.13366338885947587
865,2018-02-06 01:00:00,1.2020485560771346,1.3711900467925422
866,2018-02-06 02:00:00,-1.9280355136495069,-0.16181821629367144
867,2018-02-06 03:00:00,-2.52095786911288,-0.4610465716326344
868,2018-02-06 04:00:00,-2.8870554820252208,0.035380535008921105
869,2018-02-06 05:00:00,1.1225032161801738,1.3993908371457293
870,2018-02-06 06:00:00,0.5468806132867188,1.3895534242464904
871,2018-02-06 07:00:00,-1.0407242302266475,0.41014056543508925
872,2018-02-06 08:00:00,1.7795112619486237,2.6385737917521164
873,2018-02-06 09:00:00,-2.034801377798755,0.1708307364087504
874,2018-02-06 10:00:00,-0.8860260930467075,0.8260004024710026
875,2018-02-06 11:00:00,3.6567570525923547,6.700709467582975
876,2018-02-06 12:00:00,-3.0857140352239485,0.05072806020684684
877,2018-02-06 13:00:00,0.4756766462301173,1.4764659654094312
878,2018-02-06 14:00:00,-1.150266571792297,-0.0015811954548610174
879,2018-02-06 15:00:00,4.119208324585776,7.4930735341059105
880,2018-02-06 16:00:00,-0.7154966209887552,0.711841149554282
881,2018-02-06 17:00:00,1.3844818609168117,1.930220877356297
882,2018-02-06 18:00:00,-1.021121874757769,0.6182441767426913
883,2018-02-06 19:00:00,1.0478018753146723,1.3071718861447872
884,2018-02-06 20:00:00,-2.270379777282188,-0.007635364740667616
885,2018-02-06 21:00:00,1.4035759200355904,1.5565949894799485
886,2018-02-06 22:00:00,-3.2474658697996563,-0.1629638120324542
887,2018-02-06 23:00:00,-1.815289683903683,0.3055146139051207
888,2018-02-07 00:00:00,-1.4164459683788564,0.11666680621894437
889,2018-02-07 01:00:00,2.0441069476252225,2.933046490238225
890,2018-02-07 02:00:00,2.0552255962012227,2.150777223773129
891,2018-02-07 03:00:00,2.100687403837089,2.3133718442501436
892,2018-02-07 04:00:00,-2.3086706452298813,-0.007456351704531405
893,2018-02-07 05:00:00,-0.018900865502027856,0.6771022188962965
894,2018-02-07 06:00:00,-1.2714997878813512,0.6161065853362016
895,2018-02-07 07:00:00,-3.599872866935734,0.015566880023726998
896,2018-02-07 08:00:00,2.50932501318762,3.146298546826356
897,2018-02-07 09:00:00,-0.9389468833186783,0.7055793234500582
898,2018-02-07 10:00:00,2.0601727388704703,2.909655349552027
899,2018-02-07 11:00:00,-2.3348662807691105,0.5306344263456931
900,2018-02-07 12:00:00,-1.540477473699718,0.10168460245142136
901,2018-02-07 13:00:00,-4.002636597747645,-0.34853028634237837
902,2018-02-07 14:00:00,-3.686121342462174,-0.2902552078713929
903,2018-02-07 15:00:00,0.9673288879624105,1.8380536387181952
904,2018-02-07 16:00:00,-0.09102308209119755,0.7729200898294082
905,2018-02-07 17:00:00,2.073652781921656,2.785143588967558
906,2018-02-07 18:00:00,1.9055984883993196,3.095442721034972
907,2018-02-07 19:00:00,0.8366694126075553,2.030905815736854
908,2018-02-07 20:00:00,1.626859741782622,1.924316907268601
909,2018-02-07 21:00:00,0.2205952487985338,0.9891748817412727
910,2018-02-07 22:00:00,-2.063360519609236,0.36364369555211956
911,2018-02-07 23:00:00,-1.0194351407542352,1.2635198671633172
912,2018-02-08 00:00:00,-0.2750111854724206,1.1112269646373474
913,2018-02-08 01:00:00,0.19032015307500638,0.7609103130882551
914,2018-02-08 02:00:00,1.5108168606182382,2.169900543864265
915,2018-02-08 03:00:00,1.6974009679993978,1.69450611925335
916,2018-02-08 04:00:00,-2.212049999690875,0.5377651163327842
917,2018-02-08 05:00:00,2.032926151178076,2.702742344601359
918,2018-02-08 06:00:00,-0.9167928952514993,0.525231035799764
919,2018-02-08 07:00:00,-0.14128391990862516,1.3041607069461798
920,2018-02-08 08:00:00,-1.5436937003305542,-0.03314420169584276
921,2018-02-08 09:00:00,0.19570766169393103,0.740518629471251
922,2018-02-08 10:00:00,2.3417757809046007,2.8952479633591857
923,2018-02-08 11:00:00,-6.211294188471623,0.04485215277681976
924,2018-02-08 12:00:00,1.3647582056385275,1.9852013634473735
925,2018-02-08 13:00:00,2.031139782595364,2.771031712404822
926,2018-02-08 14:00:00,1.4502402066132076,2.055458045359742
927,2018-02-08 15:00:00,-0.4437583504478848,0.9638034165458591
928,2018-02-08 16:00:00,-3.455400859798063,0.47259880942749255
929,2018-02-08 17:00:00,-2.9905207506184235,-0.09935618678122005
930,2018-02-08 18:00:00,0.535950010772221,1.128942866709643
931,2018-02-08 19:00:00,1.0681491919071797,1.5325318668089085
932,2018-02-08 20:00:00,0.08752810819885704,1.324107341981418
933,2018-02-08 21:00:00,-0.9958036805007057,0.5130766487055904
934,2018-02-08 22:00:00,-0.2841397135002997,0.6833698982495899
935,2018-02-08 23:00:00,3.2315594749147443,5.1019365804367185
936,2018-02-09 00:00:00,0.3589644183350604,1.6826938503863733
937,2018-02-09 01:00:00,0.46488947324926216,1.4603033453367478
938,2018-02-09 02:00:00,0.18554030546356912,1.1041928567956127
939,2018-02-09 03:00:00,-2.654681729380876,0.726276545052109
940,2018-02-09 04:00:00,0.6052226324515061,1.1040235750029392
941,2018-02-09 05:00:00,-2.9587830073496066,0.07790710051397612
942,2018-02-09 06:00:00,-1.908897322993187,-0.019914527291665374
943,2018-02-09 07:00:00,1.5836757069316925,2.4538637662558336
944,2018-02-09 08:00:00,0.9787077072978969,1.279707445311681
945,2018-02-09 09:00:00,0.5126999453736714,0.7373604764032263
946,2018-02-09 10:00:00,3.435741693980428,5.861435898206339
947,2018-02-09 11:00:00,1.5569582936584445,2.1946908728650008
948,2018-02-09 12:00:00,1.7738154006468112,2.550092125095022
949,2018-02-09 13:00:00,0.9417493057117453,1.4939744757636084
950,2018-02-09 14:00:00,-1.6726546302390048,0.485342855287853
951,2018-02-09 15:00:00,1.5828838754394596,2.2650064025156516
952,2018-02-09 16:00:00,0.048606620124644985,0.8496674803614078
953,2018-02-09 17:00:00,0.7203902993841662,1.9050893078049667
954,2018-02-09 18:00:00,2.2498387045330137,2.964935460880215
955,2018-02-09 19:00:00,1.1523776717307435,2.1072292394886323
956,2018-02-09 20:00:00,-0.08747057987729685,1.3691643846032124
957,2018-02-09 21:00:00,1.2169523283673964,2.1007589883284745
958,2018-02-09 22:00:00,-5.528158964755112,0.9259787260073953
959,2018-02-09 23:00:00,-3.208005483290277,0.5090049012918981
960,2018-02-10 00:00:00,0.5819807005515277,0.7765254292356799
961,2018-02-10 01:00:00,-0.559006155039849,1.1921416746408289
962,2018-02-10 02:00:00,4.689527672451182,10.809655584455848
963,2018-02-10 03:00:00,1.2248791368079819,2.1266251748696963
964,2018-02-10 04:00:00,3.084036989192096,4.4323113443500635
965,2018-02-10 05:00:00,-0.5862224926197832,0.9527076221727324
966,2018-02-10 06:00:00,-1.76925042950673,0.37717800862913636
967,2018-02-10 07:00:00,0.09998938941078532,0.441714942503166
968,2018-02-10 08:00:00,2.010173709023903,2.405038399527719
969,2018-02-10 09:00:00,4.228786373329146,7.92599709479042
970,2018-02-10 10:00:00,0.2338599917095054,1.9326198376388328
971,2018-02-10 11:00:00,1.154848076134185,1.3638293428582253
972,2018-02-10 12:00:00,2.411257220561454,3.4073779986781187
973,2018-02-10 13:00:00,3.6078474637634175,5.955750158344541
974,2018-02-10 14:00:00,-1.6479582023685118,0.7934088502489701
975,2018-02-10 15:00:00,0.4548904491674847,1.1797815445508002
976,2018-02-10 16:00:00,0.4281207035976681,1.4530436282517654
977,2018-02-10 17:00:00,0.0687897809093056,1.1325185138235425
978,2018-02-10 18:00:00,-0.9475485714689456,0.7941312110039075
979,2018-02-10 19:00:00,0.5661957677561483,1.4352488610815692
980,2018-02-10 20:00:00,3.5013114248822856,5.812915894998544
981,2018-02-10 21:00:00,1.5656113090861246,2.733676243168074
982,2018-02-10 22:00:00,-1.461319513910516,0.5200530938565868
983,2018-02-10 23:00:00,-1.8970598064919084,0.4450643181398674
984,2018-02-11 00:00:00,-2.603377080975751,0.6532185931609151
985,2018-02-11 01:00:00,0.33645818599827143,1.548708410652829
986,2018-02-11 02:00:00,3.8336332978634124,6.7773457241990105
987,2018-02-11 03:00:00,-0.953961746988899,0.24134031745521278
988,2018-02-11 04:00:00,1.339664933404623,2.3708679327669406
989,2018-02-11 05:00:00,1.7534006073316677,2.400047217777931
990,2018-02-11 06:00:00,-2.213102556653299,-0.17470530666821893
991,2018-02-11 07:00:00,2.8478758265437483,4.0144736807110855
992,2018-02-11 08:00:00,2.2902574896305397,3.0178782257951853
993,2018-02-11 09:00:00,0.517109495114764,1.4294219560908603
994,2018-02-11 10:00:00,0.17979091845667472,1.1813697121605402
995,2018-02-11 11:00:00,0.38611511030645324,1.1401313331679883
996,2018-02-11 12:00:00,-2.904840900029145,0.4801490721563238
997,2018-02-11 13:00:00,2.4235191962552043,2.891730464803347
998,2018-02-11 14:00:00,0.877521344184311,1.427500135918965
999,2018-02-11 15:00:00,-1.599871963387202,0.391847753536659
